City_ID,City,Lat,Lng,Max Temp,Humidity,Cloudiness,Wind Speed,Country,Date
0,port alfred,-33.5906,26.891,24.54,77,74,2.68,ZA,1674545639
1,kavieng,-2.5744,150.7967,28.37,75,94,4.04,PG,1674545640
2,puerto quijarro,-17.7833,-57.7667,22.78,99,100,0.76,BO,1674545641
3,cherskiy,68.75,161.3,-29.15,96,100,0.36,RU,1674545641
4,vigrestad,58.5667,5.7,6.82,97,100,3.22,NO,1674545642
5,hermanus,-34.4187,19.2345,16.56,76,76,9.29,ZA,1674545642
6,rapid valley,44.0625,-103.1463,-0.82,76,0,2.68,US,1674545643
7,tuktoyaktuk,69.4541,-133.0374,-23.38,94,100,3.96,CA,1674545644
8,rikitea,-23.1203,-134.9692,26.16,73,0,7.04,PF,1674545644
9,port hardy,50.6996,-127.4199,5.1,100,100,5.14,CA,1674545410
10,majholi,23.5,79.9167,27.58,27,3,2.67,IN,1674545645
11,catuday,16.2923,119.8062,25.14,75,28,13.68,PH,1674545646
12,luba,3.4568,8.5547,25.94,78,16,1.34,GQ,1674545647
13,tatarsk,55.219,75.9828,-11.85,94,69,4.38,RU,1674545647
14,tezu,27.9167,96.1667,26.17,21,73,1.69,IN,1674545648
15,katobu,-4.9408,122.5276,29.2,66,100,2.78,ID,1674545648
16,zambezi,-13.5432,23.1047,20.18,89,100,2.38,ZM,1674545649
17,vao,-22.6667,167.4833,25.92,79,37,2.08,NC,1674545650
18,avarua,-21.2078,-159.775,24.03,94,94,1.03,CK,1674545650
19,boende,-0.2167,20.8667,31.32,48,65,1.55,CD,1674545652
20,ocos,14.5094,-92.1933,24.1,79,14,1.77,GT,1674545652
21,monopoli,40.9559,17.2896,8.18,68,0,0.51,IT,1674545653
22,sibu,2.3,111.8167,29.17,74,40,2.57,MY,1674545653
23,wilmington,34.2257,-77.9447,3.25,75,0,1.34,US,1674545410
24,jamestown,42.097,-79.2353,-1.23,64,100,9.26,US,1674545654
25,mataura,-46.1927,168.8643,13.21,67,9,2.26,NZ,1674545655
26,letterkenny,54.95,-7.7333,8.94,99,97,1.86,IE,1674545656
27,carballo,43.213,-8.691,8.81,79,10,4.48,ES,1674545656
28,coolum beach,-26.5333,153.1,27.26,76,88,2.16,AU,1674545657
29,ushuaia,-54.8,-68.3,5.81,93,0,1.03,AR,1674545658
30,skibbereen,51.55,-9.2667,8.39,96,100,1.96,IE,1674545658
31,bluff,-46.6,168.3333,13.19,66,5,5.86,NZ,1674545659
32,rapid city,44.0805,-103.231,0.4,75,0,2.68,US,1674545660
33,gizo,-8.103,156.8419,26.99,82,100,4.23,SB,1674545660
34,raga,8.4596,25.678,28.15,14,78,3.27,SS,1674545661
35,atikokan,48.7555,-91.6216,-18.96,99,100,1.16,CA,1674545662
36,kismayo,-0.3582,42.5454,28.65,65,16,8.31,SO,1674545663
37,nanortalik,60.1432,-45.2371,-1.41,97,100,2.56,GL,1674545664
38,butaritari,3.0707,172.7902,27.36,80,96,7.94,KI,1674545664
39,honningsvag,70.9821,25.9704,1.86,69,75,14.92,NO,1674545665
40,hobyo,5.3505,48.5268,26.92,62,20,10.58,SO,1674545665
41,dikson,73.5069,80.5464,-21.93,96,100,16.96,RU,1674545151
42,caravelas,-17.7125,-39.2481,24.62,88,100,3.7,BR,1674545667
43,taltal,-25.4,-70.4833,19.57,83,39,0.06,CL,1674545668
44,pevek,69.7008,170.3133,-27.32,77,84,1.02,RU,1674545669
45,upernavik,72.7868,-56.1549,-21.41,90,100,4.27,GL,1674545670
46,rrogozhine,41.0764,19.6653,9.1,78,11,1.96,AL,1674545670
47,asau,46.4333,26.4,-1.49,75,98,2.62,RO,1674545671
48,qaanaaq,77.484,-69.3632,-23.85,66,28,2.51,GL,1674545672
49,kodiak,57.79,-152.4072,2.73,81,20,0.0,US,1674545672
50,tiksi,71.6872,128.8694,-32.54,100,100,1.79,RU,1674545673
51,raudeberg,61.9875,5.1352,7.75,1,100,12.66,NO,1674545673
52,moron,-34.6534,-58.6198,25.54,61,33,2.96,AR,1674545674
53,ponta do sol,32.6667,-17.1,16.35,61,5,3.82,PT,1674545675
54,okha,53.5739,142.9478,-27.26,94,100,9.19,RU,1674545675
55,albany,42.6001,-73.9662,-0.2,85,81,3.76,US,1674545408
56,airai,-8.9266,125.4092,18.77,85,100,1.07,TL,1674545676
57,cape town,-33.9258,18.4232,18.38,86,75,4.63,ZA,1674545677
58,xining,36.6167,101.7667,-3.76,10,0,0.99,CN,1674545678
59,yellowknife,62.456,-114.3525,-14.69,85,100,5.14,CA,1674545678
60,nhulunbuy,-12.2333,136.7667,29.34,79,100,3.09,AU,1674545679
61,tucumcari,35.1717,-103.725,2.19,86,100,6.17,US,1674545589
62,keuruu,62.2667,24.7,-0.67,96,100,3.98,FI,1674545680
63,lorengau,-2.0226,147.2712,26.03,85,100,2.38,PG,1674545680
64,flinders,-34.5833,150.8552,26.21,74,96,2.68,AU,1674545681
65,waipawa,-41.4122,175.5153,12.79,80,48,2.67,NZ,1674545682
66,saldanha,-33.0117,17.9442,20.03,76,66,7.85,ZA,1674545683
67,haifa,32.8156,34.9892,20.12,48,0,5.14,IL,1674545684
68,punta arenas,-53.15,-70.9167,7.06,70,0,8.75,CL,1674545563
69,naryan-mar,67.6713,53.087,-9.57,88,82,8.54,RU,1674545685
70,hervey bay,-25.2986,152.8535,28.9,69,0,4.92,AU,1674545685
71,rosita,13.9268,-84.4032,19.73,99,36,1.28,NI,1674545686
72,atar,20.5169,-13.0499,17.63,18,0,3.02,MR,1674545687
73,hobart,-42.8794,147.3294,23.92,62,40,5.66,AU,1674545687
74,mahebourg,-20.4081,57.7,27.16,78,75,3.09,MU,1674545688
75,zilair,52.2332,57.4392,-5.39,85,14,0.82,RU,1674545688
76,isangel,-19.55,169.2667,27.66,83,99,2.01,VU,1674545689
77,provideniya,64.3833,-173.3,-20.65,87,2,5.47,RU,1674545690
78,george town,5.4112,100.3354,28.97,75,20,4.12,MY,1674545691
79,arraial do cabo,-22.9661,-42.0278,23.46,93,100,0.65,BR,1674545691
80,severo-kurilsk,50.6789,156.125,-8.61,59,92,2.41,RU,1674545692
81,papara,-3.9839,-38.7273,26.22,95,100,0.62,BR,1674545692
82,saint-felicien,48.6501,-72.4491,-3.62,68,100,4.63,CA,1674545693
83,staroye drozhzhanoye,54.7266,47.5677,-10.32,83,86,2.86,RU,1674545694
84,port elizabeth,-33.918,25.5701,23.51,76,40,9.77,ZA,1674545694
85,cabo san lucas,22.8909,-109.9124,17.56,69,85,3.9,MX,1674545413
86,seoul,37.5683,126.9778,-11.34,36,0,9.26,KR,1674545373
87,hovd,48.0056,91.6419,-18.7,61,100,1.44,MN,1674545696
88,new norfolk,-42.7826,147.0587,23.72,53,69,1.34,AU,1674545696
89,kavaratti,10.5669,72.642,26.57,72,98,6.41,IN,1674545697
90,enterprise,36.0252,-115.2419,7.86,38,0,8.23,US,1674545697
91,itabuna,-14.7856,-39.2803,20.89,99,99,0.71,BR,1674545698
92,baringo,0.4667,35.9667,28.69,32,100,1.91,KE,1674545699
93,busselton,-33.65,115.3333,26.92,41,0,9.6,AU,1674545700
94,vaini,-21.2,-175.2,27.09,94,75,3.6,TO,1674545701
95,siverek,37.755,39.3167,10.92,40,0,2.16,TR,1674545702
96,ahipara,-35.1667,173.1667,18.66,90,100,3.24,NZ,1674545702
97,hithadhoo,-0.6,73.0833,27.31,75,86,6.05,MV,1674545703
98,junction city,39.0286,-96.8314,-3.67,90,0,0.0,US,1674545704
99,yuzhno-kurilsk,44.0306,145.8556,-3.45,72,100,6.24,RU,1674545704
100,nikolskoye,59.7035,30.7861,-2.06,90,100,4.95,RU,1674545705
101,atuona,-9.8,-139.0333,26.12,77,6,8.99,PF,1674545672
102,bathsheba,13.2167,-59.5167,25.34,78,40,7.2,BB,1674545706
103,torrington,41.8007,-73.1212,0.3,90,21,0.45,US,1674545707
104,thunder bay,48.4001,-89.3168,-6.01,68,100,2.57,CA,1674545411
105,kedougou,12.5579,-12.1743,22.53,47,7,1.98,SN,1674545708
106,kaitangata,-46.2817,169.8464,12.49,70,22,3.4,NZ,1674545709
107,dingle,10.9995,122.6711,26.32,82,68,6.86,PH,1674545709
108,seydisehir,37.4193,31.8453,7.78,51,0,0.84,TR,1674545710
109,san cristobal,7.7669,-72.225,17.31,82,63,1.66,VE,1674545710
110,hilo,19.7297,-155.09,23.49,91,0,2.57,US,1674545711
111,san isidro,-12.1167,-77.05,22.79,82,0,4.63,PE,1674545712
112,zyryanka,65.75,150.85,-31.5,96,100,1.17,RU,1674545712
113,alenquer,-1.9417,-54.7383,22.78,96,100,1.29,BR,1674545713
114,alofi,-19.0595,-169.9187,24.94,94,12,0.0,NU,1674545714
115,luderitz,-26.6481,15.1594,21.58,55,2,7.57,NA,1674545714
116,poya,-21.35,165.15,26.39,86,28,1.67,NC,1674545715
117,kapaa,22.0752,-159.319,22.18,89,0,2.57,US,1674545715
118,sitka,57.0531,-135.33,6.94,81,100,3.6,US,1674545716
119,mar del plata,-38.0023,-57.5575,18.3,81,0,4.92,AR,1674545430
120,kavarna,43.4333,28.3333,1.31,86,100,5.14,BG,1674545717
121,sao filipe,14.8961,-24.4956,20.49,68,5,3.4,CV,1674545718
122,kalmunai,7.4167,81.8167,26.71,72,88,5.86,LK,1674545718
123,ayagoz,47.9714,80.4392,-14.62,91,93,3.22,KZ,1674545719
124,leningradskiy,69.3833,178.4167,-31.43,92,21,3.89,RU,1674545720
125,poum,-20.2333,164.0167,27.76,75,95,1.67,NC,1674545721
126,male,4.1748,73.5089,25.52,84,100,7.49,MV,1674545469
127,victoria,22.2855,114.1577,18.47,42,15,8.05,HK,1674545710
128,bengkulu,-3.8004,102.2655,24.48,93,100,5.87,ID,1674545722
129,castro,-24.7911,-50.0119,15.23,95,35,0.36,BR,1674545723
130,totness,5.8833,-56.3167,23.27,87,32,4.66,SR,1674545723
131,iqaluit,63.7506,-68.5145,-25.15,84,75,3.6,CA,1674545724
132,chokurdakh,70.6333,147.9167,-32.01,94,100,1.16,RU,1674545725
133,sechura,-5.5569,-80.8222,21.56,76,48,2.64,PE,1674545726
134,padang,-0.9492,100.3543,28.03,91,100,4.58,ID,1674545726
135,lloydminster,53.2835,-110.0016,-2.88,86,100,5.14,CA,1674545727
136,lunglei,22.8833,92.7333,27.18,18,43,1.99,IN,1674545727
137,dolinsk,47.35,142.8,-20.39,98,100,7.59,RU,1674545728
138,manggar,-2.8833,108.2667,29.15,71,97,4.12,ID,1674545729
139,coquimbo,-29.9533,-71.3436,17.85,82,40,1.54,CL,1674545538
140,alice springs,-23.7,133.8833,37.75,14,38,3.09,AU,1674545731
141,puerto ayora,-0.7393,-90.3518,21.97,96,62,0.91,EC,1674545731
142,husavik,66.0449,-17.3389,-0.06,74,100,3.97,IS,1674545732
143,tukrah,32.5341,20.5791,15.68,43,0,1.83,LY,1674545732
144,shimoda,34.6667,138.95,10.2,59,76,14.46,JP,1674545733
145,formosa do rio preto,-11.0483,-45.1931,19.95,93,16,0.16,BR,1674545734
146,bethel,41.3712,-73.414,1.94,75,100,2.57,US,1674545734
147,hofn,64.2539,-15.2082,4.02,92,100,2.08,IS,1674545735
148,udachnyy,66.4167,112.4,-29.2,74,100,1.33,RU,1674545736
149,karasjok,69.4719,25.5112,-3.89,84,96,5.31,NO,1674545736
150,channel-port aux basques,47.5702,-59.1367,4.47,99,100,8.4,CA,1674545737
151,mount gambier,-37.8333,140.7667,19.18,58,48,4.18,AU,1674545738
152,omsukchan,62.5333,155.8,-27.56,97,100,2.55,RU,1674545738
153,east london,-33.0153,27.9116,27.52,61,0,7.2,ZA,1674545739
154,quatre cocos,-20.2078,57.7625,27.06,76,100,2.55,MU,1674545739
155,kaeo,-35.1,173.7833,18.66,90,100,4.05,NZ,1674545740
156,zalantun,48.0,122.7167,-19.32,59,12,4.36,CN,1674545741
157,ixtapa,20.7,-105.2,22.35,83,100,0.45,MX,1674545158
158,mlimba,-8.8,35.8167,28.8,62,98,1.31,TZ,1674545741
159,rongcheng,30.634,117.8517,1.29,39,38,4.85,CN,1674545742
160,santa cruz del sur,20.7147,-77.9956,21.78,88,5,4.5,CU,1674545743
161,tabory,58.5198,64.5495,-7.08,90,78,2.44,RU,1674545743
162,la libertad,-2.2333,-80.9,24.42,80,95,3.52,EC,1674545744
163,manavalakurichi,8.1333,77.3,28.87,64,100,4.47,IN,1674545745
164,katsuura,35.1333,140.3,10.48,52,90,13.72,JP,1674545745
165,champerico,14.3,-91.9167,24.04,76,17,2.01,GT,1674545746
166,tocopilla,-22.092,-70.1979,21.58,74,92,1.8,CL,1674545747
167,vanimo,-2.6741,141.3028,24.3,94,100,2.2,PG,1674545152
168,lodwar,3.1191,35.5973,33.45,29,28,10.27,KE,1674545748
169,bredasdorp,-34.5322,20.0403,20.93,66,8,10.23,ZA,1674545658
170,mucuri,-18.0864,-39.5508,24.79,86,100,5.64,BR,1674545749
171,umm kaddadah,13.6017,26.6876,24.3,16,4,9.07,SD,1674545749
172,sukumo,32.9333,132.7333,-2.12,82,97,11.18,JP,1674545750
173,sao jose da coroa grande,-8.8978,-35.1478,24.99,80,23,3.3,BR,1674545751
174,kozhva,65.1073,57.0459,-10.9,94,54,4.74,RU,1674545752
175,rawson,-43.3002,-65.1023,24.62,33,22,6.72,AR,1674545752
176,saint-georges,12.0564,-61.7485,24.82,83,20,7.2,GD,1674545753
177,carnarvon,-24.8667,113.6333,27.21,68,4,8.81,AU,1674545753
178,cockburn town,21.4612,-71.1419,25.31,68,0,6.33,TC,1674545754
179,gudari,19.35,83.7833,33.08,15,16,1.76,IN,1674545755
180,acton,51.509,-0.2762,4.19,88,75,2.57,GB,1674545755
181,klaksvik,62.2266,-6.589,8.51,88,100,13.98,FO,1674545756
182,goianesia,-15.3175,-49.1175,19.12,98,95,0.44,BR,1674545756
183,thompson,55.7435,-97.8558,-32.91,68,0,0.0,CA,1674545757
184,yar-sale,66.8333,70.8333,-14.07,95,100,7.14,RU,1674545758
185,westport,41.1415,-73.3579,2.64,68,100,4.12,US,1674545758
186,toma,12.7667,-2.8833,26.07,19,32,2.37,BF,1674545759
187,nagorsk,59.3172,50.8078,-9.79,96,100,2.94,RU,1674545759
188,saint-pierre,-21.3393,55.4781,25.82,78,75,2.06,RE,1674545760
189,chuy,-33.6971,-53.4616,15.57,81,0,1.47,UY,1674545761
190,siderno,38.2779,16.302,10.83,72,0,1.32,IT,1674545761
191,tahta,26.7693,31.5021,17.45,45,0,3.95,EG,1674545762
192,lehigh acres,26.6254,-81.6248,15.53,78,0,4.63,US,1674545628
193,badou,7.5833,0.6,28.03,58,15,0.61,TG,1674545763
194,tottori,35.5,134.2333,-0.96,93,75,12.35,JP,1674545764
195,catamarca,-28.4696,-65.7852,27.81,59,0,6.69,AR,1674545765
196,ilulissat,69.2167,-51.1,-4.99,63,100,11.32,GL,1674545765
197,srednekolymsk,67.45,153.6833,-30.62,95,100,1.06,RU,1674545766
198,djibo,14.1022,-1.6306,25.82,16,45,2.38,BF,1674545767
199,alyangula,-13.8483,136.4192,27.11,86,100,6.15,AU,1674545767
200,lucapa,-8.4192,20.7447,23.06,74,100,1.42,AO,1674545768
201,rawa mazowiecka,51.7644,20.2549,1.38,95,84,3.05,PL,1674545769
202,gorin,51.1983,136.6669,-34.28,96,69,0.47,RU,1674545770
203,saskylakh,71.9167,114.0833,-22.41,99,100,2.16,RU,1674545770
204,owando,-0.4819,15.8999,29.34,54,78,1.56,CG,1674545771
205,bay roberts,47.5999,-53.2648,5.59,95,100,4.47,CA,1674545771
206,maldonado,-34.6667,-54.9167,15.68,75,0,2.13,UY,1674545539
207,hailey,43.5196,-114.3153,-13.08,85,100,3.09,US,1674545772
208,burns lake,54.2331,-125.7533,-5.32,92,100,1.12,CA,1674545773
209,corinto,37.9407,22.9573,12.72,65,9,2.14,GR,1674545774
210,longyearbyen,78.2186,15.6401,-2.09,80,75,6.17,SJ,1674545774
211,abay,49.6311,72.8539,-12.79,92,84,0.15,KZ,1674545775
212,shingu,33.7333,135.9833,1.17,61,12,11.19,JP,1674545776
213,santarem,-2.4431,-54.7083,26.07,89,75,2.57,BR,1674545776
214,fortuna,40.5982,-124.1573,4.64,100,0,4.63,US,1674545777
215,kruisfontein,-34.0033,24.7314,21.6,62,93,9.49,ZA,1674545778
216,port-gentil,-0.7193,8.7815,26.98,94,40,1.03,GA,1674545778
217,fairbanks,64.8378,-147.7164,-20.78,77,100,0.0,US,1674545779
218,beringovskiy,63.05,179.3167,-24.23,98,97,5.85,RU,1674545780
219,avera,33.194,-82.5271,0.73,74,0,1.88,US,1674545781
220,witu,-2.3889,40.4382,29.09,66,100,3.02,KE,1674545781
221,saint-philippe,-21.3585,55.7679,25.77,87,100,3.48,RE,1674545782
222,faya,18.3851,42.4509,16.06,50,10,2.9,SA,1674545783
223,khatanga,71.9667,102.5,-40.94,95,52,2.77,RU,1674545783
224,hammerfest,70.6634,23.6821,1.25,69,75,11.83,NO,1674545784
225,norman wells,65.282,-126.8329,-24.98,84,100,0.0,CA,1674545784
226,ribeira grande,38.5167,-28.7,15.43,88,75,10.29,PT,1674545785
227,stephenville,32.2207,-98.2023,7.91,54,100,4.12,US,1674545786
228,tabas,33.5959,56.9244,8.12,31,0,1.03,IR,1674545786
229,zhanakorgan,43.9098,67.2495,-2.75,64,97,4.79,KZ,1674545787
230,ocampo,21.65,-101.5,7.84,62,93,3.89,MX,1674545788
231,northam,51.0333,-4.2167,1.14,60,11,1.45,GB,1674545788
232,sulangan,11.1373,123.7228,27.41,76,3,8.64,PH,1674545789
233,richards bay,-28.783,32.0377,31.78,42,0,4.82,ZA,1674545790
234,kurilsk,45.2333,147.8833,-2.99,68,100,4.85,RU,1674545790
235,bayir,37.2687,28.2167,4.29,64,0,1.58,TR,1674545791
236,bilma,18.6853,12.9164,22.99,11,0,3.36,NE,1674545792
237,inhambane,-23.865,35.3833,30.99,55,40,3.09,MZ,1674545792
238,terrace,54.5163,-128.6035,4.95,93,100,5.14,CA,1674545793
239,lagoa,39.05,-27.9833,15.27,76,99,8.76,PT,1674545794
240,georgetown,5.4112,100.3354,28.97,75,20,4.12,MY,1674545794
241,saint-joseph,-21.3667,55.6167,25.21,89,100,1.87,RE,1674545527
242,bilibino,68.0546,166.4372,-25.33,76,100,2.02,RU,1674545795
243,mayumba,-3.432,10.6554,26.51,80,100,1.62,GA,1674545796
244,awbari,26.5921,12.7805,15.6,20,0,2.53,LY,1674545797
245,aksarka,66.5606,67.7975,-5.26,90,100,7.07,RU,1674545798
246,hasaki,35.7333,140.8333,12.38,56,29,8.18,JP,1674545798
247,brae,60.3964,-1.353,9.44,97,100,9.6,GB,1674545799
248,hami,42.8,93.45,-7.31,18,0,2.06,CN,1674545799
249,luorong,24.4058,109.6086,13.04,20,3,8.77,CN,1674545800
250,teguldet,57.3064,88.1667,-9.01,94,100,4.03,RU,1674545801
251,san juan,-31.5375,-68.5364,27.75,37,0,1.36,AR,1674545801
252,barrow,71.2906,-156.7887,-19.99,77,100,9.77,US,1674545802
253,asfi,32.2994,-9.2372,9.77,69,0,6.17,MA,1674545571
254,tasiilaq,65.6145,-37.6368,-7.91,64,100,2.96,GL,1674545803
255,pacific grove,36.6177,-121.9166,8.61,67,0,3.09,US,1674545803
256,tautira,-17.7333,-149.15,26.07,83,92,4.51,PF,1674545804
257,morondava,-20.2833,44.2833,25.75,91,99,10.32,MG,1674545805
258,harer,9.3094,42.1258,22.83,29,100,1.37,ET,1674545806
259,roquetas de mar,36.7642,-2.6148,7.56,52,6,4.94,ES,1674545806
260,amalapuram,16.5833,82.0167,29.23,39,27,3.54,IN,1674545807
261,periyakulam,10.1167,77.55,26.79,71,99,2.01,IN,1674545807
262,verkhoyansk,67.5447,133.385,-40.58,99,100,1.04,RU,1674545808
263,blyth,55.1271,-1.5086,9.1,92,40,4.12,GB,1674545809
264,bardiyah,31.7561,25.0865,15.53,75,0,1.39,LY,1674545809
265,kupang,-10.1667,123.5833,29.32,79,75,1.54,ID,1674545753
266,marsh harbour,26.5412,-77.0636,21.19,78,100,8.63,BS,1674545745
267,shenzhen,22.5455,114.0683,18.41,39,11,8.78,CN,1674545811
268,bodden town,19.2833,-81.25,24.96,80,5,1.34,KY,1674545812
269,shahreza,32.0339,51.8794,-0.23,54,9,1.99,IR,1674545812
270,te anau,-45.4167,167.7167,15.03,67,14,1.6,NZ,1674545813
271,port hedland,-20.3167,118.5667,32.03,62,40,6.69,AU,1674545814
272,karratha,-20.7377,116.8463,31.33,56,68,5.57,AU,1674545814
273,rio de janeiro,-22.9028,-43.2075,24.98,83,75,2.06,BR,1674545400
274,margate,51.3813,1.3862,5.5,81,99,2.24,GB,1674545765
275,havelock,34.8791,-76.9013,4.99,78,0,0.89,US,1674545816
276,alipur,29.3846,70.9116,20.55,12,0,4.62,PK,1674545816
277,oksfjord,70.2396,22.3479,1.1,86,99,15.29,NO,1674545817
278,sisimiut,66.9395,-53.6735,-6.31,93,100,6.02,GL,1674545818
279,havre-saint-pierre,50.2334,-63.5986,-7.0,73,0,4.63,CA,1674545819
280,celestun,20.8667,-90.4,22.98,81,0,5.32,MX,1674545819
281,lebu,-37.6167,-73.65,14.74,93,96,6.45,CL,1674545820
282,peleduy,59.6289,112.7406,-29.33,96,100,0.96,RU,1674545785
283,manokwari,-0.8667,134.0833,26.72,82,89,1.75,ID,1674545821
284,benito juarez,19.385,-99.165,14.44,58,0,2.57,MX,1674545822
285,salalah,17.0151,54.0924,26.05,53,40,4.63,OM,1674545822
286,lodja,-3.4833,23.4333,27.16,63,100,1.58,CD,1674545823
287,semey,50.4111,80.2275,-8.88,79,100,4.0,KZ,1674545824
288,maneadero,31.7167,-116.5667,10.59,37,0,3.9,MX,1674545825
289,arrecife,28.963,-13.5477,13.99,77,20,3.6,ES,1674545825
290,jalu,29.0331,21.5482,14.33,50,0,4.17,LY,1674545826
291,ginda,30.6945,78.4932,15.24,26,90,2.88,IN,1674545827
292,fussen,47.8739,12.1695,0.89,97,100,1.44,DE,1674545827
293,goose creek,32.981,-80.0326,4.94,86,0,2.06,US,1674545709
294,cap malheureux,-19.9842,57.6142,23.73,82,100,1.88,MU,1674545828
295,toora-khem,52.4675,96.11,-15.51,86,100,0.45,RU,1674545829
296,houma,29.5958,-90.7195,10.0,88,40,3.09,US,1674545830
297,terekli-mekteb,44.1671,45.8698,5.85,52,5,9.57,RU,1674545830
298,kiruna,67.8557,20.2251,-2.49,54,53,7.2,SE,1674545831
299,eureka,40.8021,-124.1637,4.79,99,7,2.03,US,1674545831
300,coahuayana,18.7333,-103.6833,18.85,82,97,1.97,MX,1674545832
301,najran,17.4924,44.1277,20.36,24,1,1.6,SA,1674545833
302,rundu,-17.9333,19.7667,25.2,60,68,2.79,NA,1674545834
303,hailar,49.2,119.7,-28.36,91,6,3.76,CN,1674545834
304,saint simons,31.1352,-81.3901,7.02,70,0,3.09,US,1674545835
305,alugan,12.2188,125.4808,26.77,79,73,6.72,PH,1674545836
306,vestmannaeyjar,63.4427,-20.2734,7.56,89,100,9.15,IS,1674545836
307,nyazepetrovsk,56.0531,59.6028,-10.61,93,100,3.4,RU,1674545837
308,saint-francois,46.4154,3.9054,1.69,87,100,1.54,FR,1674545837
309,nizwa,22.9333,57.5333,17.98,56,70,1.08,OM,1674545838
310,nchelenge,-9.3451,28.734,24.15,68,79,2.73,ZM,1674545839
311,faanui,-16.4833,-151.75,25.76,80,100,7.35,PF,1674545839
312,torbay,47.6666,-52.7314,5.16,97,100,19.03,CA,1674545840
313,kaseda,31.4167,130.3167,2.9,84,100,17.23,JP,1674545840
314,karlskoga,59.3267,14.5239,2.62,98,100,4.47,SE,1674545841
315,morro bay,35.3658,-120.8499,8.64,82,0,2.88,US,1674545842
316,urumqi,43.801,87.6005,-17.47,72,0,2.0,CN,1674545562
317,cayenne,4.9333,-52.3333,24.02,83,75,2.57,GF,1674545843
318,mahibadhoo,3.7833,72.9667,25.58,83,100,8.15,MV,1674545843
319,andenes,69.3143,16.1194,1.99,69,75,15.43,NO,1674545559
320,bambous virieux,-20.3428,57.7575,27.14,78,75,3.09,MU,1674545844
321,lasa,46.6166,10.7002,1.12,83,96,0.4,IT,1674545845
322,marawi,7.9986,124.2928,21.22,98,100,1.62,PH,1674545846
323,talnakh,69.4865,88.3972,-30.45,95,48,3.83,RU,1674545846
324,san patricio,28.017,-97.5169,19.92,77,100,8.31,US,1674545847
325,safaga,26.7292,33.9365,21.39,45,0,6.41,EG,1674545847
326,pringsewu,-5.3582,104.9744,29.37,66,98,1.85,ID,1674545848
327,maun,-19.9833,23.4167,26.98,69,20,2.57,BW,1674545849
328,los llanos de aridane,28.6585,-17.9182,14.86,72,75,4.12,ES,1674545849
329,yanam,16.7333,82.2167,28.89,41,27,3.36,IN,1674545850
330,kibakwe,-6.7167,36.3667,18.09,96,100,1.11,TZ,1674545850
331,souillac,-20.5167,57.5167,27.21,78,75,3.09,MU,1674545851
332,frankfort,-27.2667,28.4833,26.81,27,0,1.68,ZA,1674545822
333,tarauaca,-8.1614,-70.7656,21.86,100,100,1.52,BR,1674545852
334,vila franca do campo,37.7167,-25.4333,14.23,78,77,6.03,PT,1674545853
335,feijo,-8.1642,-70.3536,22.01,99,100,1.65,BR,1674545853
336,hamilton,39.1834,-84.5333,-0.65,89,0,4.63,US,1674545630
337,komsomolskiy,40.4272,71.7189,-0.6,55,3,0.0,UZ,1674545855
338,ust-koksa,50.2696,85.6108,-9.73,80,100,2.3,RU,1674545856
339,elat,29.5581,34.9482,15.91,72,0,3.6,IL,1674545857
340,bandarbeyla,9.4942,50.8122,25.64,59,99,9.44,SO,1674545858
341,wuda,39.4994,106.7117,-10.23,14,2,7.08,CN,1674545858
342,misratah,32.3754,15.0925,16.23,68,0,5.6,LY,1674545859
343,idritsa,56.3316,28.8988,-3.27,88,100,2.56,RU,1674545859
344,berlevag,70.8578,29.0864,2.0,86,75,19.03,NO,1674545860
345,puerto narino,-3.7703,-70.3831,21.49,99,100,0.48,CO,1674545861
346,carutapera,-1.195,-46.02,23.56,93,100,2.56,BR,1674545862
347,helena,46.5927,-112.0361,-1.45,59,0,7.2,US,1674545768
348,ostrovnoy,68.0531,39.5131,-2.63,88,100,8.88,RU,1674545863
349,kamaishi,39.2667,141.8833,-1.88,72,100,7.09,JP,1674545863
350,lata,40.1629,-8.3327,2.73,82,3,2.18,PT,1674545864
351,itaituba,-4.2761,-55.9836,21.68,100,100,0.73,BR,1674545864
352,kenora,49.8167,-94.4337,-12.46,85,100,2.06,CA,1674545865
353,korla,41.7597,86.1469,-9.67,58,72,3.18,CN,1674545866
354,prince george,53.9166,-122.753,-0.31,88,75,6.69,CA,1674545715
355,le port,-20.9373,55.2919,26.0,87,100,4.25,RE,1674545867
356,saint george,37.1041,-113.5841,0.8,64,0,3.09,US,1674545799
357,oxapampa,-10.5775,-75.4017,12.72,97,81,1.53,PE,1674545868
358,hovin,63.1055,10.225,4.03,93,100,2.16,NO,1674545868
359,kashin,57.3592,37.6081,-1.71,91,99,4.71,RU,1674545869
360,desaguadero,-16.5656,-69.0417,7.22,76,100,1.73,PE,1674545869
361,farafangana,-22.8167,47.8333,24.66,93,100,4.13,MG,1674545870
362,bandundu,-3.3167,17.3667,25.53,76,100,1.52,CD,1674545871
363,ancud,-41.8697,-73.8203,11.03,83,45,4.47,CL,1674545871
364,abadan,30.3392,48.3043,9.97,100,100,2.06,IR,1674545872
365,tateyama,34.9833,139.8667,12.28,56,49,14.67,JP,1674545872
366,manbij,36.5281,37.9549,11.62,48,0,2.21,SY,1674545873
367,yoichi,43.2039,140.7703,-11.33,83,100,6.81,JP,1674545874
368,mandalgovi,45.7625,106.2708,-17.15,52,100,4.84,MN,1674545874
369,ha giang,22.8333,104.9833,19.98,32,36,0.8,VN,1674545875
370,coihaique,-45.5752,-72.0662,8.97,66,33,1.03,CL,1674545876
371,clonakilty,51.6231,-8.8706,7.56,93,100,2.34,IE,1674545877
372,mitsamiouli,-11.3847,43.2844,27.01,79,100,6.29,KM,1674545877
373,makubetsu,45.3714,141.8211,-11.16,73,75,12.86,JP,1674545878
374,kathmandu,27.7167,85.3167,20.12,43,20,8.23,NP,1674545264
375,atambua,-9.1061,124.8925,25.93,78,100,1.36,ID,1674545879
376,tuatapere,-46.1333,167.6833,12.76,71,3,2.07,NZ,1674545879
377,ambon,-3.6954,128.1814,31.08,66,40,6.17,ID,1674545880
378,zhigansk,66.7697,123.3711,-45.03,97,100,4.08,RU,1674545881
379,leh,34.1667,77.5833,-10.11,46,100,1.31,IN,1674545881
380,mayo,38.8876,-76.5119,3.97,68,20,2.68,US,1674545882
381,grand gaube,-20.0064,57.6608,27.22,81,100,2.0,MU,1674545883
382,mogadishu,2.0371,45.3438,29.93,62,20,8.23,SO,1674545883
383,lompoc,34.6391,-120.4579,6.99,85,0,4.12,US,1674545820
384,santa marta,11.2408,-74.199,27.16,74,100,5.36,CO,1674545884
385,naze,28.3667,129.4833,7.51,78,100,15.56,JP,1674545885
386,pisco,-13.7,-76.2167,21.03,78,100,1.54,PE,1674545886
387,yarkovo,57.4028,67.0786,-9.52,92,58,2.85,RU,1674545886
388,don sak,9.3168,99.6918,32.94,66,99,4.79,TH,1674545887
389,kongolo,-5.3833,27.0,22.64,92,100,1.16,CD,1674545887
390,mezen,65.8522,44.24,-9.94,92,100,5.1,RU,1674545888
391,porto santo,33.072,-16.3415,15.21,67,40,5.14,PT,1674545889
392,bexhill,-28.7667,153.35,23.13,96,93,0.89,AU,1674545889
393,chapais,49.7834,-74.8492,-6.12,96,100,3.88,CA,1674545890
394,bagdarin,54.4333,113.6,-25.21,88,72,0.53,RU,1674545891
395,ballina,-28.8667,153.5667,23.34,96,73,7.83,AU,1674545892
396,msanga,-6.05,36.0333,22.69,95,100,0.93,TZ,1674545893
397,novaya zaimka,56.4857,66.9241,-11.56,96,95,3.66,RU,1674545893
398,rocha,-34.4833,-54.3333,14.03,83,0,1.91,UY,1674545786
399,nyurba,63.2842,118.3319,-28.51,99,100,1.2,RU,1674545894
400,makakilo city,21.3469,-158.0858,25.18,72,100,2.57,US,1674545895
401,kachug,53.9606,105.8817,-24.23,93,100,1.01,RU,1674545895
402,olafsvik,64.8945,-23.7142,5.53,91,88,7.72,IS,1674545896
403,okhotsk,59.3833,143.3,-25.09,77,100,5.92,RU,1674545897
404,salinopolis,-0.6136,-47.3561,24.67,88,100,4.27,BR,1674545897
405,verkhnevilyuysk,63.4453,120.3167,-37.33,100,100,1.4,RU,1674545898
406,kahului,20.8947,-156.47,23.8,83,75,3.09,US,1674545602
407,jaru,-10.4389,-62.4664,21.47,98,100,1.03,BR,1674545899
408,manacapuru,-3.2997,-60.6206,22.82,95,100,1.4,BR,1674545899
409,anajatuba,-3.2644,-44.6197,21.85,99,33,0.61,BR,1674545900
410,amot,59.5714,7.9877,1.37,95,100,1.6,NO,1674545901
411,tomatlan,19.9333,-105.25,16.91,95,100,1.42,MX,1674545902
412,grindavik,63.8424,-22.4338,5.26,100,75,6.69,IS,1674545902
413,baiao,-2.7906,-49.6717,21.84,100,100,0.57,BR,1674545903
414,shawinigan,46.5668,-72.7491,-1.77,74,97,2.06,CA,1674545904
415,ust-nera,64.5667,143.2,-38.51,99,31,0.61,RU,1674545905
416,bafra,41.5678,35.9069,12.06,73,99,1.28,TR,1674545905
417,ihosy,-22.4,46.1167,20.64,93,100,2.01,MG,1674545906
418,whitehorse,60.7161,-135.0538,0.43,69,100,4.12,CA,1674545894
419,mehamn,71.0357,27.8492,1.97,75,75,16.46,NO,1674545907
420,puerto cabezas,14.0351,-83.3888,23.17,91,41,3.64,NI,1674545907
421,adrar,20.5022,-10.0711,15.92,18,0,3.87,MR,1674545908
422,urucara,-2.5364,-57.76,21.92,99,100,1.23,BR,1674545909
423,dubbo,-32.25,148.6167,31.07,20,5,5.66,AU,1674545707
424,priargunsk,50.3691,119.1012,-33.94,97,6,1.47,RU,1674545910
425,jiangyou,31.7667,104.7167,7.92,26,7,2.82,CN,1674545910
426,isabela,6.7085,121.9711,29.03,90,100,3.01,PH,1674545911
427,usinsk,65.9939,57.5281,-11.54,92,30,9.1,RU,1674545911
428,port lincoln,-34.7333,135.8667,18.99,67,0,7.31,AU,1674545912
429,darnah,32.767,22.6367,15.66,52,0,3.15,LY,1674545913
430,puerto colombia,10.9878,-74.9547,26.05,82,100,9.69,CO,1674545914
431,cidreira,-30.1811,-50.2056,22.84,90,2,3.02,BR,1674545914
432,mhango,-3.2833,32.85,23.63,66,100,0.86,TZ,1674545915
433,san-pedro,4.7485,-6.6363,25.28,87,40,2.02,CI,1674545915
434,yining,29.0361,114.5636,4.34,30,0,3.59,CN,1674545916
435,phalombe,-15.8064,35.6507,21.25,92,100,2.4,MW,1674545917
436,nuuk,64.1835,-51.7216,-2.16,92,100,10.48,GL,1674545754
437,smoky lake,54.1169,-112.4686,-1.91,93,100,2.06,CA,1674545710
438,matane,48.8286,-67.522,-6.08,93,80,2.89,CA,1674545918
439,florianopolis,-27.6146,-48.5012,22.45,84,0,2.57,BR,1674545413
440,guymon,36.6828,-101.4816,-1.0,59,100,2.06,US,1674545919
441,sangar,63.9242,127.4739,-47.22,97,75,1.42,RU,1674545920
442,palaikastron,35.2,26.25,15.82,71,0,2.32,GR,1674545920
443,progreso,21.2833,-89.6667,23.06,87,0,4.04,MX,1674545695
444,kirakira,-10.4544,161.9205,25.99,87,100,2.41,SB,1674545921
445,port macquarie,-31.4333,152.9167,24.94,79,74,4.67,AU,1674545922
446,pese,7.9,-80.6167,23.78,88,8,0.25,PA,1674545922
447,mount isa,-20.7333,139.5,36.87,22,40,1.54,AU,1674545923
448,shenjiamen,29.9576,122.298,0.63,51,32,13.83,CN,1674545924
449,dwarka,22.2394,68.9678,20.52,33,6,6.06,IN,1674545925
450,novopetrovskoye,55.9928,36.4719,-4.25,94,98,3.04,RU,1674545861
451,sakakah,29.9697,40.2064,11.76,60,0,4.04,SA,1674545926
452,minot,48.2325,-101.2963,-3.88,86,100,1.54,US,1674545634
453,bima,-8.4667,118.7167,30.89,61,100,0.54,ID,1674545927
454,bemidji,47.4736,-94.8803,-8.13,92,100,3.09,US,1674545758
455,mutis,6.2262,-77.4044,25.01,88,30,0.35,CO,1674545928
456,santa isabel,-23.3156,-46.2214,20.61,97,100,0.98,BR,1674545929
457,nador,35.174,-2.9287,10.14,53,20,3.6,MA,1674545929
458,ngunguru,-35.6167,174.5,19.39,77,100,5.74,NZ,1674545930
459,takoradi,4.8845,-1.7554,27.16,80,11,1.62,GH,1674545930
460,toyooka,35.5333,134.8333,-1.97,100,75,5.66,JP,1674545931
461,amapa,1.0,-52.0,20.55,100,100,0.98,BR,1674545932
462,dongzhen,22.3797,110.9389,15.32,49,8,6.68,CN,1674545932
463,belyy yar,53.6039,91.3903,-10.08,70,100,2.0,RU,1674545933
464,itarema,-2.9248,-39.9167,23.91,88,44,1.94,BR,1674545726
465,along,28.1667,94.7667,24.7,27,100,0.42,IN,1674545934
466,chirongui,-12.9319,45.1483,28.96,80,100,8.32,YT,1674545934
467,sayville,40.7359,-73.0821,2.51,70,100,6.71,US,1674545920
468,maralal,1.0968,36.698,21.04,48,100,5.05,KE,1674545935
469,pitimbu,-7.4706,-34.8086,25.33,79,15,3.51,BR,1674545936
470,kayes,14.0,-11.0,24.76,17,38,1.13,ML,1674545937
471,constitucion,-35.3333,-72.4167,15.93,92,42,0.31,CL,1674545938
472,narsaq,60.9167,-46.05,-7.88,96,100,3.04,GL,1674545938
473,beaumont,30.0861,-94.1019,10.02,70,100,4.12,US,1674545755
474,yatou,37.15,122.3833,-9.16,76,100,9.11,CN,1674545940
475,kawalu,-7.3817,108.2082,29.69,61,74,1.78,ID,1674545940
476,lazaro cardenas,17.9583,-102.2,21.13,75,3,1.85,MX,1674545941
477,whyalla,-33.0333,137.5833,24.05,59,0,10.34,AU,1674545941
478,tura,25.5198,90.2201,25.72,30,100,2.57,IN,1674545942
479,port blair,11.6667,92.75,29.02,61,20,5.66,IN,1674545943
480,plainview,40.7765,-73.4673,2.64,68,100,5.14,US,1674545943
481,waiuku,-37.25,174.75,20.47,76,8,2.93,NZ,1674545944
482,sulina,45.1559,29.6536,3.27,80,100,5.56,RO,1674545945
483,samarai,-10.6167,150.6667,28.44,75,100,5.61,PG,1674545945
484,aljezur,37.3191,-8.8033,3.99,69,0,4.4,PT,1674545946
485,kodinar,20.7903,70.7031,24.4,29,38,3.96,IN,1674545946
486,barra do garcas,-15.89,-52.2567,21.01,98,100,0.7,BR,1674545947
487,kabala,9.5833,-11.55,21.63,75,79,1.17,SL,1674545948
488,geraldton,-28.7667,114.6,27.23,65,1,8.23,AU,1674545949
489,gravdal,68.1214,13.5031,3.11,62,100,12.33,NO,1674545949
490,puerto escondido,15.85,-97.0667,24.09,73,0,2.34,MX,1674545950
491,labuhan,-6.8844,112.2051,28.67,75,81,5.03,ID,1674545950
492,pronsk,54.1048,39.6092,-5.03,86,9,2.39,RU,1674545951
493,charters towers,-20.1,146.2667,30.35,47,33,7.8,AU,1674545952
494,sibolga,1.7427,98.7792,24.55,90,100,1.88,ID,1674545952
495,walvis bay,-22.9575,14.5053,20.7,65,100,6.55,NA,1674545953
496,deputatskiy,69.3,139.9,-34.92,98,100,0.98,RU,1674545954
497,nicoya,10.1483,-85.452,22.79,82,0,3.25,CR,1674545954
498,ladson,32.9857,-80.1098,4.92,87,0,2.06,US,1674545955
499,abu kamal,34.4506,40.9171,14.13,35,0,1.71,SY,1674545955
500,palmer,42.1584,-72.3287,0.14,78,100,2.57,US,1674545956
501,batemans bay,-35.7167,150.1833,22.28,76,100,1.58,AU,1674545957
502,olga,43.7444,135.2892,-23.94,69,10,7.2,RU,1674545957
503,millau,44.0833,2.9167,-2.93,96,89,0.37,FR,1674545958
504,fort nelson,58.8053,-122.7002,-7.23,86,100,1.54,CA,1674545958
505,west bay,19.3667,-81.4167,25.0,84,1,0.45,KY,1674545959
506,kayankulam,9.1833,76.5,31.65,67,100,3.94,IN,1674545960
507,white rock,49.0164,-122.8026,6.39,95,100,1.34,CA,1674545960
508,betare oya,5.6,14.0833,28.34,18,100,2.27,CM,1674545961
509,barra do bugres,-15.0725,-57.1811,21.55,97,100,0.96,BR,1674545962
510,gomel,52.4345,30.9754,-2.01,80,100,2.0,BY,1674545962
511,taoudenni,22.6783,-3.9836,16.03,24,0,3.32,ML,1674545963
512,lovrenc na pohorju,46.5406,15.3931,1.95,100,100,1.28,SI,1674545963
513,shymkent,42.3,69.6,-5.67,68,66,2.0,KZ,1674545964
514,villa constitucion,-33.2278,-60.3297,22.23,44,0,2.47,AR,1674545965
515,clyde river,70.4692,-68.5914,-30.87,69,100,5.14,CA,1674545965
516,bundaberg,-24.85,152.35,27.9,73,0,2.24,AU,1674545966
517,verkhnetulomskiy,68.6073,31.7962,-0.93,79,11,4.43,RU,1674545967
518,ilo,-17.6394,-71.3375,21.83,88,100,4.02,PE,1674545967
519,santiago del estero,-27.7951,-64.2615,26.37,54,0,4.81,AR,1674545968
520,cervo,43.6702,-7.4101,8.42,74,100,6.96,ES,1674545968
521,vanavara,60.34,102.2797,-27.65,95,73,0.88,RU,1674545969
522,inirida,3.8653,-67.9239,21.7,98,90,0.17,CO,1674545970
523,puerto baquerizo moreno,-0.9,-89.6,23.09,83,63,1.34,EC,1674545970
524,noyabrsk,63.1994,75.4507,-25.23,86,100,3.05,RU,1674545760
525,portland,45.5234,-122.6762,6.72,87,100,1.54,US,1674545736
526,touros,-5.1989,-35.4608,25.24,81,48,3.95,BR,1674545972
527,sur,22.5667,59.5289,21.12,43,41,5.4,OM,1674545973
528,denpasar,-8.65,115.2167,32.81,70,20,4.63,ID,1674545812
529,ankang,32.68,109.0172,5.36,17,0,2.02,CN,1674545974
530,tiznit,29.5833,-9.5,8.97,62,0,0.36,MA,1674545975
531,marzuq,14.4,46.4667,23.39,32,45,1.9,YE,1674545975
532,krasnoselkup,65.7,82.4667,-31.27,98,9,1.87,RU,1674545976
533,tevaitoa,-16.7833,-151.5,26.71,75,100,6.49,PF,1674545976
534,san quintin,30.4833,-115.95,11.28,44,0,2.1,MX,1674545977
535,borovichi,58.3878,33.9155,-5.18,88,100,4.56,RU,1674545978
536,arcachon,44.5875,-1.0519,3.18,92,10,2.14,FR,1674545978
537,kendari,-3.945,122.4989,28.41,75,100,0.26,ID,1674545979
538,jibuti,11.5,42.5,24.67,45,42,8.1,DJ,1674545979
539,pangody,65.85,74.4859,-23.71,88,100,6.29,RU,1674545980
540,coari,-4.085,-63.1414,21.95,99,100,1.08,BR,1674545981
541,yulara,-25.2406,130.9889,35.52,13,100,2.47,AU,1674545981
542,giyani,-23.3025,30.7187,26.93,52,100,1.76,ZA,1674545982
543,mundo nuevo,18.7,-95.5,22.53,90,82,2.44,MX,1674545982
544,nemuro,43.3236,145.575,-1.9,65,100,5.25,JP,1674545983
545,guapore,-28.8456,-51.8903,16.12,85,0,0.5,BR,1674545984
546,onega,63.9061,38.1404,-5.77,93,100,4.4,RU,1674545985
547,superior,46.7208,-92.1041,-0.46,84,100,5.14,US,1674545985
548,laguna,38.421,-121.4238,7.95,84,0,2.06,US,1674545986
549,senneterre,48.3835,-77.2328,-4.19,96,100,3.64,CA,1674545986
550,byron bay,-28.65,153.6167,23.3,81,73,7.36,AU,1674545779
551,barcelos,41.5388,-8.6151,4.91,70,0,2.39,PT,1674545987
552,tabou,4.423,-7.3528,25.62,85,79,1.51,CI,1674545988
553,impfondo,1.6381,18.0667,29.85,43,100,1.47,CG,1674545989
554,namibe,-15.1961,12.1522,24.87,76,90,2.81,AO,1674545989
555,ahvaz,31.3203,48.6693,10.97,100,100,1.03,IR,1674545990
556,caceres,39.522,-6.3748,-0.82,84,0,2.28,ES,1674545934
557,mendoza,-32.8908,-68.8272,23.74,57,0,4.63,AR,1674545991
558,petropavlovsk-kamchatskiy,53.0452,158.6483,-15.67,61,20,2.0,RU,1674545992
559,ishinomaki,38.4167,141.3,1.0,68,100,10.97,JP,1674545992
560,romans-sur-isere,45.0464,5.0562,1.58,78,100,4.12,FR,1674545993
561,ozinki,51.1786,49.6769,-6.01,65,4,2.94,RU,1674545994
562,kindu,-2.95,25.95,23.25,89,100,1.04,CD,1674545994
563,aquidauana,-20.4711,-55.7872,20.99,97,100,0.69,BR,1674545995
564,labuan,5.2767,115.2417,28.2,78,40,3.13,MY,1674545995
565,les cayes,18.2,-73.75,21.37,81,4,2.61,HT,1674545996
566,belmonte,-15.8631,-38.8828,24.82,86,95,3.37,BR,1674545997
567,kargasok,59.0556,80.8572,-24.39,90,6,3.63,RU,1674545997
568,iquique,-20.2208,-70.1431,20.02,82,100,1.85,CL,1674545998
569,locri,38.2414,16.2623,10.68,73,0,1.1,IT,1674545998
570,santiago de cuba,20.0247,-75.8219,23.06,73,20,2.57,CU,1674545999
571,necochea,-38.5473,-58.7368,16.83,67,18,5.83,AR,1674546000
572,sola,-13.8833,167.55,28.12,70,97,3.58,VU,1674546000
573,beya,53.0533,90.9139,-8.64,76,100,6.98,RU,1674546001
574,auki,-8.7676,160.7034,24.77,91,100,1.43,SB,1674546002
575,marrakesh,31.6315,-8.0083,5.04,75,0,3.09,MA,1674545705
576,ambulu,-8.345,113.6058,28.86,74,79,3.27,ID,1674546003
577,bahia honda,22.9036,-83.1592,21.65,91,2,2.44,CU,1674546003
578,tazovskiy,67.4667,78.7,-29.55,96,100,4.42,RU,1674546004
579,saint-louis,16.3333,-15.0,19.11,32,22,2.8,SN,1674546004
580,lewistown,40.5992,-77.5714,2.12,84,100,6.17,US,1674545855
581,qeshm,26.9581,56.2719,18.94,36,6,9.46,IR,1674546005
582,derzhavinsk,51.1,66.3167,-13.36,95,94,0.75,KZ,1674546006
583,fatehabad,29.5167,75.45,20.07,60,57,4.61,IN,1674545871
584,ostersund,63.1792,14.6357,2.25,100,75,3.09,SE,1674546007
585,santa fe,-31.6333,-60.7,24.99,48,71,2.24,AR,1674545913
586,fiumicino,41.7675,12.2291,8.75,82,40,4.12,IT,1674546008
587,mahajanga,-15.7167,46.3167,24.01,100,75,8.23,MG,1674546009
588,yuci,37.6803,112.7319,-9.14,15,0,4.0,CN,1674546009
589,antofagasta,-23.65,-70.4,18.6,89,22,1.9,CL,1674545763
590,orocue,4.7912,-71.3354,24.12,67,90,2.17,CO,1674546010
591,stornoway,58.2093,-6.3865,9.98,94,75,6.69,GB,1674546011
592,half moon bay,37.4636,-122.4286,11.84,51,0,3.09,US,1674546012
593,luena,-11.7833,19.9167,19.72,78,100,2.98,AO,1674546013
594,kemijarvi,66.7131,27.4306,-3.62,96,48,3.8,FI,1674546013
595,uyemskiy,64.4743,40.8524,-6.97,85,100,4.0,RU,1674546014
